Rank,School,Conf,AdjO,AdjD,AdjEM,ConfStr,SoS
227.0,Abilene Christian,WAC,102.00151458731246,104.44315595897241,-2.441641371659955,0.953975341834834,0.9976446656810936
186.0,Air Force,MWC,104.28268836537212,103.75188471444413,0.530803650927993,7.212910764913062,-0.5311457725982649
74.0,Akron,MAC,106.54876883931492,95.98707594686574,10.561692892449173,-1.2243833407758302,-0.2529583250933456
2.0,Alabama,SEC,113.86482252007191,87.01177408834782,26.85304843172409,10.053497366814824,6.085547306814561
283.0,Alabama A&M,SWAC,98.02172787274368,104.7153025222645,-6.693574649520812,-11.3512510004187,-4.982216087080516
353.0,Alabama State,SWAC,90.92333598400968,107.4878788644694,-16.56454288045971,-11.3512510004187,-4.315834302994958
344.0,Albany (NY),AEC,96.89375322657165,111.06322075990067,-14.169467533329026,-2.803063270211041,-1.1627081209893504
278.0,Alcorn State,SWAC,100.22696482839072,106.56693817836025,-6.339973349969526,-11.3512510004187,-3.9050715958396864
244.0,American,Patriot,101.49939638306108,105.10955540453283,-3.6101590214717447,-3.013855925483824,-3.8615034452164565
162.0,Appalachian State,Sun Belt,99.99362155658785,97.74700972864785,2.2466118279400007,1.8500178911530014,1.0196030441041586
10.0,Arizona,Pac-12,115.80012986436267,95.28754021089004,20.51258965347263,7.62679565360213,4.066872205588339
92.0,Arizona State,Pac-12,104.13999632889715,95.11714360704269,9.022852721854463,7.62679565360213,3.3178716007948736
18.0,Arkansas,SEC,108.31072313110934,91.26559386294701,17.045129268162327,10.053497366814824,5.359022209716244
291.0,Arkansas State,Sun Belt,99.57158222505124,106.9483472035166,-7.37676497846536,1.8500178911530014,-1.7237411135152882
341.0,Arkansas-Pine Bluff,SWAC,91.62922062334263,105.13855263434179,-13.50933201099916,-11.3512510004187,-4.215510422080186
189.0,Army,Patriot,104.68497159022162,104.56798935582471,0.11698223439691446,-3.013855925483824,-2.430537243953296
36.0,Auburn,SEC,107.37508118172953,92.82460329661801,14.550477885111519,10.053497366814824,5.719956850486128
339.0,Austin Peay,A-Sun,94.349245097425,107.64618296074215,-13.296937863317154,-2.6259621367135253,-0.6565817235815103
149.0,Ball State,MAC,105.91500391974236,102.61132130475153,3.3036826149908336,-1.2243833407758302,-1.85243617373672
17.0,Baylor,Big 12,114.85010496719948,97.68800418432225,17.162100782877232,13.754479950866155,5.871255535509974
299.0,Bellarmine,A-Sun,98.81981573945075,107.01886131230067,-8.199045572849926,-2.6259621367135253,-0.16204105475161157
102.0,Belmont,MVC,109.91222239456359,102.30933067384164,7.602891720721942,1.110788440183228,0.23009267950980927
351.0,Bethune-Cookman,SWAC,94.90753749860838,110.88139254230057,-15.973855043692197,-11.3512510004187,-5.13062409806291
282.0,Binghamton,AEC,97.97916399077839,104.65459530487428,-6.6754313140958885,-2.803063270211041,-1.0225347601065238
45.0,Boise State,MWC,106.888465196095,93.00834197617822,13.880123219916783,7.212910764913062,2.743937317918693
231.0,Boston College,ACC,99.09025403468407,101.67214510532384,-2.58189107063977,5.9546519949374925,1.3388740481976953
233.0,Boston University,Patriot,98.3597183820128,101.03398761364892,-2.674269231636117,-3.013855925483824,-1.7626784450476407
275.0,Bowling Green State,MAC,100.45477106696035,106.43930205643755,-5.984530989477207,-1.2243833407758302,-1.4996181829336308
46.0,Bradley,MVC,107.4210856912105,93.61323049931495,13.807855191895541,1.110788440183228,1.372410140481776
75.0,Brigham Young,WCC,103.67017911036291,93.16106115190262,10.509117958460294,6.017251660350993,2.8541253895403997
163.0,Brown,Ivy,100.38517162325414,98.18301075301551,2.202160870238629,2.750494418136313,0.12889516997881856
178.0,Bryant,AEC,103.50869210288921,102.27243894706744,1.236253155821771,-2.803063270211041,-0.8287659909166791
273.0,Bucknell,Patriot,98.28051660098146,104.19325886306277,-5.912742262081309,-3.013855925483824,-3.050802837202582
190.0,Buffalo,MAC,100.88193347190456,100.80789651514208,0.0740369567624839,-1.2243833407758302,2.448554936582596
191.0,Butler,Big East,97.85492283029167,97.83768649493051,0.017236335361161537,8.201354709263299,3.682283171980785
312.0,Cal Poly,Big West,92.41738468418997,101.95118413507959,-9.533799450889617,-1.0038980878944557,-0.13177930824828366
318.0,Cal State Bakersfield,Big West,93.31901012925492,103.24554510451004,-9.926534975255123,-1.0038980878944557,-0.8888771485871985
129.0,Cal State Fullerton,Big West,102.52356090166926,97.54520230946859,4.978358592200664,-1.0038980878944557,0.1066843708868106
334.0,Cal State Northridge,Big West,93.14983096730303,105.71136291891314,-12.561531951610107,-1.0038980878944557,-1.3617910467735896
337.0,California,Pac-12,92.10921071570749,105.20873287339462,-13.099522157687133,7.62679565360213,3.4349513783267014
165.0,California Baptist,WAC,100.25123637876364,98.26075267546557,1.990483703298068,0.953975341834834,-2.058931726136535
200.0,Campbell,Big South,103.06304376949329,103.6493613743354,-0.5863176048421082,-2.9920776624268512,-1.8095845728785207
229.0,Canisius,MAAC,101.25848208234211,103.71818261699978,-2.459700534657671,-1.0624553998944037,0.3900952992705271
343.0,Central Arkansas,A-Sun,94.4299146660642,108.26487740346779,-13.834962737403586,-2.6259621367135253,-1.3248542428294598
308.0,Central Connecticut State,NEC,98.5614158071651,107.55217563617,-8.990759829004901,-9.532455011385494,-4.683435618094947
50.0,Central Florida,AAC,106.85877565816268,93.52938204862491,13.329393609537775,6.675675583104805,2.0274793363016954
345.0,Central Michigan,MAC,90.24373227702031,104.54602010938304,-14.302287832362722,-1.2243833407758302,-1.725548125735429
289.0,Charleston Southern,Big South,102.63773493912629,109.86157698991902,-7.223842050792726,-2.9920776624268512,-1.4471516099908825
97.0,Charlotte,CUSA,107.49344873166221,99.25084674121955,8.242601990442665,4.737849524503929,-0.9345724633513441
159.0,Chattanooga,Southern,106.42392805752083,103.97138406174751,2.4525439957733113,-1.2154282976567004,-0.625778263819555
342.0,Chicago State,Independent,97.63584401605824,111.28291035216745,-13.647066336109205,-18.674072078762634,-2.8806663524129448
37.0,Cincinnati,AAC,110.12148218705272,95.5951325743209,14.52634961273182,6.675675583104805,3.455786335879111
70.0,Clemson,ACC,107.15417513935213,95.97286537653515,11.18130976281698,5.9546519949374925,-0.4263912248719919
146.0,Cleveland State,Horizon,103.79708172780651,100.33038618523143,3.4666955425750814,-2.7854009874082806,-2.2108911553323907
298.0,Coastal Carolina,Sun Belt,101.37254910205047,109.55819372103556,-8.185644618985094,1.8500178911530014,-0.02148441413112323
72.0,Colgate,Patriot,113.52223622332572,102.6167588303448,10.905477392980913,-3.013855925483824,-2.5409015437037397
22.0,College of Charleston,CAA,109.21855543099107,92.74950788033243,16.469047550658644,-3.829842385849986,-2.4480004281244874
82.0,Colorado,Pac-12,103.4997989148701,93.58700146425498,9.912797450615116,7.62679565360213,3.915961666502014
148.0,Colorado State,MWC,107.67284386433589,104.34129400416846,3.331549860167428,7.212910764913062,2.639068499011543
338.0,Columbia,Ivy,92.416539001997,105.61983173263143,-13.20329273063443,2.750494418136313,1.1972649053830224
5.0,Connecticut,Big East,115.74609594930541,92.22439206462738,23.521703884678033,8.201354709263299,2.704041442589542
346.0,Coppin State,MEAC,97.01918384353183,111.87969468311279,-14.860510839580954,-8.330766066707625,-0.8934762884243383
121.0,Cornell,Ivy,111.30653945024748,105.51943490983957,5.78710454040791,2.750494418136313,-0.24572345184967048
15.0,Creighton,Big East,111.63681235307848,93.84491048995065,17.791901863127833,8.201354709263299,3.9211837180645404
251.0,Dartmouth,Ivy,98.64434830405126,103.27142742649777,-4.627079122446503,2.750494418136313,0.833098789400168
136.0,Davidson,A-10,104.8093784207894,100.38163408830205,4.42774433248735,3.5015090015391905,2.296092136406031
41.0,Dayton,A-10,108.71952932750881,94.38094635944395,14.338582968064856,3.5015090015391905,0.7482724561316445
203.0,Delaware,CAA,102.11880490816917,102.94148465746183,-0.8226797492926607,-3.829842385849986,-0.35066145457062703
357.0,Delaware State,MEAC,90.86163058071908,108.86395782533025,-18.002327244611166,-8.330766066707625,-1.7348319928687772
306.0,Denver,Summit,98.21020089124838,106.81667546041264,-8.606474569164263,-3.894282693286911,-4.261570993180655
239.0,DePaul,Big East,101.19221401711961,104.3068733409322,-3.114659323812589,8.201354709263299,3.817750552076973
169.0,Detroit Mercy,Horizon,109.31182641628433,107.49130339095096,1.8205230253333724,-2.7854009874082806,-0.8096822887230957
33.0,Drake,MVC,108.93697080815717,94.02336207868441,14.913608729472756,1.110788440183228,-0.13592941786849622
153.0,Drexel,CAA,101.24140440792657,98.48835939547932,2.753045012447245,-3.829842385849986,-3.976880121568769
13.0,Duke,ACC,109.7269652382033,91.4101412407956,18.31682399740771,5.9546519949374925,3.8680360891438283
99.0,Duquesne,A-10,106.95467021604584,99.12727876780434,7.8273914482414995,3.5015090015391905,0.399503529561855
205.0,East Carolina,AAC,99.11450023273703,100.00991374278642,-0.8954135100493943,6.675675583104805,0.1262567668485417
226.0,East Tennessee State,Southern,99.46125493401601,101.79420127238076,-2.3329463383647493,-1.2154282976567004,-1.8939495297124154
325.0,Eastern Illinois,OVC,92.76400211297748,104.39126179665125,-11.62725968367377,-5.365652674264709,-2.97357767587539
154.0,Eastern Kentucky,A-Sun,100.75018610359312,98.0254022611191,2.724783842474025,-2.6259621367135253,0.47089924083651624
328.0,Eastern Michigan,MAC,98.73136232358743,110.66045107289033,-11.929088749302892,-1.2243833407758302,-0.13581427163931892
140.0,Eastern Washington,Big Sky,108.2956336846342,104.178780006348,4.116853678286191,-2.7983475121195056,-2.335864261766986
331.0,Elon,CAA,95.41734639381517,107.58260279518728,-12.165256401372119,-3.829842385849986,-1.730156903701996
356.0,Evansville,MVC,89.10962049502115,105.9779027805126,-16.868282285491446,1.110788440183228,0.8700918659432233
234.0,Fairfield,MAAC,99.79581612211001,102.5189284263548,-2.7231123042447933,-1.0624553998944037,-0.6766417265007618
224.0,Fairleigh Dickinson,NEC,106.26214888467408,108.50847779696072,-2.2463289122866428,-9.532455011385494,-5.154158607339511
91.0,Florida,SEC,103.69932621770126,94.57393046926796,9.125395748433291,10.053497366814824,3.6485967567784456
360.0,Florida A&M,SWAC,88.14946051578947,109.66020636649138,-21.51074585070191,-11.3512510004187,-3.8539918590977322
11.0,Florida Atlantic,CUSA,112.56602364612954,93.0514692382797,19.514554407849843,4.737849524503929,0.8055407772971535
188.0,Florida Gulf Coast,A-Sun,102.19321718844041,101.90188398110097,0.29133320733944856,-2.6259621367135253,-1.6756226997641335
210.0,Florida International,CUSA,99.5535179992196,100.79771132904636,-1.2441933298267713,4.737849524503929,0.9053555464235075
260.0,Florida State,ACC,100.12433720100843,105.41180084693796,-5.2874636459295346,5.9546519949374925,2.9394300667213002
112.0,Fordham,A-10,102.06759948748054,95.40552916496063,6.662070322519909,3.5015090015391905,-1.024912603866909
204.0,Fresno State,MWC,99.26524101513326,100.13395224062177,-0.8687112254885108,7.212910764913062,1.672815884204681
68.0,Furman,Southern,111.91839649091918,100.4596993219126,11.458697169006584,-1.2154282976567004,-1.3632893259660221
175.0,Gardner-Webb,Big South,97.68617788445938,96.33853540969494,1.3476424747644415,-2.9920776624268512,-1.7502902425040219
131.0,George Mason,A-10,102.48041830899595,97.75498591658183,4.72543239241412,3.5015090015391905,0.9386650636529339
192.0,George Washington,A-10,107.8143868721555,107.95953576727442,-0.14514889511892193,3.5015090015391905,-0.46511117259629486
303.0,Georgetown,Big East,98.6877196644554,107.12747438243113,-8.439754717975731,8.201354709263299,2.508613664303283
219.0,Georgia,SEC,99.58888645178324,101.63749204876197,-2.0486055969787316,10.053497366814824,1.2605415651508736
199.0,Georgia Southern,Sun Belt,98.73114077348967,99.28252708609789,-0.5513863126082157,1.8500178911530014,-0.5616050724188568
272.0,Georgia State,Sun Belt,96.37742143789986,102.2767957372567,-5.89937429935685,1.8500178911530014,0.659095748387756
232.0,Georgia Tech,ACC,98.59593599579985,101.26807628110642,-2.6721402853065683,5.9546519949374925,0.9992764337428781
7.0,Gonzaga,WCC,119.82158768167784,97.38270294069162,22.438884740986225,6.017251660350993,3.892432718456618
179.0,Grambling,SWAC,98.46648416450317,97.2441261426983,1.2223580218048653,-11.3512510004187,-6.275035908701923
113.0,Grand Canyon,WAC,109.09499368697588,102.54945655051243,6.545537136463452,0.953975341834834,0.6679706054847685
363.0,Green Bay,Horizon,88.00372743302214,113.10213195142079,-25.098404518398652,-2.7854009874082806,-0.34973107759357447
347.0,Hampton,CAA,94.98646848302613,109.89138482306019,-14.904916340034063,-3.829842385849986,-1.9967407186015151
362.0,Hartford,Independent,88.13116646572621,110.94907501939366,-22.81790855366745,-18.674072078762634,-2.125939395981618
143.0,Harvard,Ivy,101.52141519725201,97.77501309325197,3.7464021040000404,2.750494418136313,-0.09647017375407074
111.0,Hawaii,Big West,101.64357778709659,94.91223520081527,6.731342586281315,-1.0038980878944557,-2.101873511359244
288.0,High Point,Big South,98.95991511741319,106.09725704839315,-7.137341930979957,-2.9920776624268512,-2.0179411177267923
65.0,Hofstra,CAA,109.3675741368258,97.71999257307786,11.647581563747934,-3.829842385849986,-0.744431724489246
322.0,Holy Cross,Patriot,94.06578242522873,104.99373036644894,-10.92794794122021,-3.013855925483824,-1.0710497310382436
1.0,Houston,AAC,116.81096442278464,85.19944379902061,31.611520623764022,6.675675583104805,2.6029099972467122
349.0,Houston Christian,Southland,98.72667107682604,114.17592922275199,-15.449258145925953,-8.373286119275235,-3.9564655192762217
211.0,Howard,MEAC,101.09433261458337,102.39857007463559,-1.3042374600522209,-8.330766066707625,-3.571052956640486
311.0,Idaho,Big Sky,100.24137363672254,109.76026384972704,-9.518890213004497,-2.7983475121195056,-3.63205361073733
276.0,Idaho State,Big Sky,100.49783546475378,106.65614904188621,-6.158313577132432,-2.7983475121195056,-2.3393244764635313
48.0,Illinois,Big Ten,106.56917872389342,93.06680168656347,13.50237703732995,10.475228349332355,2.6415767888503723
264.0,Illinois State,MVC,99.31037130630955,104.8246173265551,-5.514246020245551,1.110788440183228,-1.3447164319312037
301.0,Illinois-Chicago,MVC,95.64723123999251,103.93266081746023,-8.285429577467724,1.110788440183228,-1.3225524001919098
329.0,Incarnate Word,Southland,95.49780856851244,107.5540224714454,-12.056213902932967,-8.373286119275235,-4.365555592716191
30.0,Indiana,Big Ten,109.9227970251206,94.70935827489767,15.213438750222934,10.475228349332355,4.645456767819695
66.0,Indiana State,MVC,109.26683766351864,97.66276209190843,11.60407557161021,1.110788440183228,-2.5724630833611286
26.0,Iona,MAAC,110.75798460009477,95.23616351793875,15.521821082156023,-1.0624553998944037,-0.32719639455085314
58.0,Iowa,Big Ten,114.71076484277988,102.67915881263974,12.03160603014014,10.475228349332355,3.242384282141032
53.0,Iowa State,Big 12,103.50246727891636,90.48901036110215,13.01345691781421,13.754479950866155,4.675932216686718
358.0,IUPUI,Horizon,93.44727960737326,112.84659961148273,-19.39932000410947,-2.7854009874082806,-1.7965925601556734
321.0,Jackson State,SWAC,96.77177014092842,107.63240126717037,-10.860631126241941,-11.3512510004187,-4.286331093721671
254.0,Jacksonville,A-Sun,97.36856647595205,102.29088845960862,-4.922321983656573,-2.6259621367135253,-0.7879065586901106
259.0,Jacksonville State,A-Sun,98.56832911344115,103.85293720158674,-5.284608088145589,-2.6259621367135253,-1.0840511812833853
84.0,James Madison,Sun Belt,106.20882312464438,96.45813766715827,9.750685457486114,1.8500178911530014,-1.1365440825835265
16.0,Kansas,Big 12,110.19088314034506,92.4755730003094,17.71531014003567,13.754479950866155,6.464866979644626
310.0,Kansas City,Summit,92.71644101953837,101.89933194507024,-9.18289092553188,-3.894282693286911,-2.1131828967490947
42.0,Kansas State,Big 12,107.5343237218517,93.21476584349229,14.319557878359419,13.754479950866155,3.244494898562536
127.0,Kennesaw State,A-Sun,102.64629782428159,97.53081549708635,5.115482327195238,-2.6259621367135253,-0.5138183769556122
47.0,Kent State,MAC,104.91603312473367,91.22693879543816,13.689094329295514,-1.2243833407758302,0.26284110733897137
28.0,Kentucky,SEC,112.73119672286101,97.32401916769241,15.407177555168602,10.053497366814824,3.5606984945668074
217.0,La Salle,A-10,101.50091258340588,103.34305526565281,-1.84214268224693,3.5015090015391905,0.42932104806216387
245.0,Lafayette,Patriot,96.1619315326506,99.78175786596996,-3.6198263333193665,-3.013855925483824,0.06657681685587136
350.0,Lamar,Southland,93.33126606304711,109.04284354890278,-15.71157748585567,-8.373286119275235,-4.136169997393878
250.0,Lehigh,Patriot,96.8936947811734,101.22622739399931,-4.332532612825915,-3.013855925483824,-1.9852098255484663
14.0,Liberty,A-Sun,110.89113197542433,92.84872202870278,18.04240994672155,-2.6259621367135253,-0.4180951967289843
336.0,Lindenwood,OVC,94.52165665310324,107.18148366065002,-12.659827007546781,-5.365652674264709,-2.150935493771726
158.0,Lipscomb,A-Sun,102.3866496400484,99.90528006079097,2.481369579257432,-2.6259621367135253,-2.166984875672412
309.0,Little Rock,OVC,101.00290662236439,110.12041823703352,-9.117511614669127,-5.365652674264709,-3.149485471159821
166.0,Long Beach State,Big West,102.47350596552639,100.48784997098925,1.9856559945371401,-1.0038980878944557,0.3598636124729069
361.0,Long Island University,NEC,89.08220782022863,111.35489033869406,-22.27268251846543,-9.532455011385494,-0.7852362156825876
130.0,Longwood,Big South,103.28032118419956,98.39205915819157,4.888262026007993,-2.9920776624268512,-3.6874557629052873
83.0,Louisiana,Sun Belt,109.82730658035926,100.02357192255853,9.803734657800732,1.8500178911530014,0.8799501740178499
197.0,Louisiana State,SEC,101.87793420058703,102.32877098817855,-0.4508367875915127,10.053497366814824,3.1809416492398697
155.0,Louisiana Tech,CUSA,104.06433969216167,101.38488189942666,2.6794577927350076,4.737849524503929,1.7837243576316553
305.0,Louisiana-Monroe,Sun Belt,95.26931170031544,103.81952729880555,-8.550215598490112,1.8500178911530014,0.9112881805421296
333.0,Louisville,ACC,96.76547414563323,109.26346137979363,-12.49798723416039,5.9546519949374925,3.0759242984393325
274.0,Loyola (IL),A-10,99.59877051931278,105.57755811501681,-5.978787595704034,3.5015090015391905,-0.22022965656631754
319.0,Loyola (MD),Patriot,97.70720443057036,107.82558299841222,-10.118378567841859,-3.013855925483824,-2.231478974425954
132.0,Loyola Marymount,WCC,105.24196651994794,100.68410748943637,4.557859030511565,6.017251660350993,1.324845968126894
280.0,Maine,AEC,98.27251460038043,104.74256980677697,-6.4700552063965375,-2.803063270211041,-0.8216568959517758
263.0,Manhattan,MAAC,97.92246946588193,103.37060639560914,-5.448136929727212,-1.0624553998944037,-0.6746267444822536
247.0,Marist,MAAC,98.95306694697335,102.76416045024175,-3.8110935032683955,-1.0624553998944037,-1.4712546567618574
20.0,Marquette,Big East,113.01519695839245,96.2211631927387,16.79403376565375,8.201354709263299,2.6235679494292157
44.0,Marshall,Sun Belt,109.03859487100695,94.86318337223798,14.175411498768966,1.8500178911530014,-0.8511510856529156
34.0,Maryland,Big Ten,109.13579816389043,94.24701263678357,14.888785527106862,10.475228349332355,3.269733808157966
207.0,Maryland-Baltimore County,AEC,105.18796539511962,106.21978720295766,-1.0318218078380426,-2.803063270211041,-4.1214909752540905
258.0,Maryland-Eastern Shore,MEAC,94.5111782766097,99.70655744571567,-5.195379169105976,-8.330766066707625,-2.9087550840161924
196.0,Massachusetts,A-10,98.04090612397098,98.34347085738548,-0.3025647334144992,3.5015090015391905,1.905641647862538
80.0,Massachusetts-Lowell,AEC,109.0185122152153,99.00398890677928,10.014523308436011,-2.803063270211041,-4.93751240410468
324.0,McNeese State,Southland,97.23691674529103,108.67746670403002,-11.440549958738998,-8.373286119275235,-1.244603757190987
21.0,Memphis,AAC,110.58881344216667,94.06800049157232,16.520812950594348,6.675675583104805,4.606123169535735
213.0,Mercer,Southern,99.00253848399117,100.54652197361683,-1.54398348962566,-1.2154282976567004,-1.2186537367104933
269.0,Merrimack,NEC,91.59047962081846,97.27813510302096,-5.687655482202501,-9.532455011385494,-3.4688698848471233
32.0,Miami (FL),ACC,113.97286298303199,98.80674200012075,15.166120982911238,5.9546519949374925,2.5898809219201127
271.0,Miami (OH),MAC,102.17608660262374,107.95662733922559,-5.78054073660185,-1.2243833407758302,-0.9389704758772126
71.0,Michigan,Big Ten,107.71493530459107,96.70059458057987,11.014340724011191,10.475228349332355,4.034918306189141
55.0,Michigan State,Big Ten,106.78469883345528,94.35630205627375,12.428396777181533,10.475228349332355,5.837717091396414
122.0,Middle Tennessee,CUSA,104.02260277563532,98.29179548145608,5.730807294179243,4.737849524503929,2.975109028087033
187.0,Milwaukee,Horizon,101.4715598583123,101.00616761771869,0.4653922405936157,-2.7854009874082806,-0.5884453034690722
292.0,Minnesota,Big Ten,96.44099156352686,103.88838099910167,-7.447389435574806,10.475228349332355,3.00586239030541
156.0,Mississippi,SEC,102.31656056763345,99.67973800771898,2.6368225599144637,10.053497366814824,3.528706172616765
60.0,Mississippi State,SEC,102.0365170446885,90.04237414935122,11.994142895337276,10.053497366814824,3.1880144033757034
359.0,Mississippi Valley State,SWAC,90.0820193568616,110.55890807048674,-20.476888713625144,-11.3512510004187,-3.023564665518549
59.0,Missouri,SEC,115.32710260551953,103.32975045657449,11.99735214894504,10.053497366814824,3.7571026475562093
139.0,Missouri State,MVC,103.38284324423573,99.20462645848096,4.1782167857547705,1.110788440183228,1.2283819376034018
354.0,Monmouth,CAA,90.56284426543482,107.40830035207446,-16.845456086639643,-3.829842385849986,0.45685689052554324
168.0,Montana,Big Sky,105.29682801087618,103.45879863056021,1.838029380315973,-2.7983475121195056,-0.6862290946874623
119.0,Montana State,Big Sky,102.72256159288817,96.73809163596832,5.9844699569198525,-2.7983475121195056,-1.2223206656178434
216.0,Morehead State,OVC,99.56852875421256,101.39209276691828,-1.8235640127057167,-5.365652674264709,-1.3171110035124372
317.0,Morgan State,MEAC,93.21444023773422,103.09706275525792,-9.8826225175237,-8.330766066707625,-3.8647421097302725
257.0,Mount St. Mary's,MAAC,96.24189378753198,101.39202506093457,-5.150131273402593,-1.0624553998944037,-0.6626167233878704
242.0,Murray State,MVC,102.84080181632805,106.12364035452408,-3.2828385381960317,1.110788440183228,-0.42453797107171454
135.0,Navy,Patriot,104.13811319437583,99.68742976745236,4.450683426923476,-3.013855925483824,-2.0624396539401175
52.0,NC State,ACC,109.6649420577158,96.45408458163999,13.210857476075816,5.9546519949374925,2.1448185973135026
173.0,Nebraska,Big Ten,101.23043093926907,99.82177213124992,1.4086588080191547,10.475228349332355,3.0194736162700195
81.0,Nevada,MWC,107.08158773492141,97.15264988310078,9.928937851820635,7.212910764913062,3.1209622043180048
107.0,Nevada-Las Vegas,MWC,103.73264967331498,96.77072568257753,6.961923990737446,7.212910764913062,2.269661414325199
253.0,New Hampshire,AEC,97.53669288007869,102.44036190507867,-4.903669024999985,-2.803063270211041,-1.871266477456544
63.0,New Mexico,MWC,109.85489015274189,98.06490810350836,11.78998204923353,7.212910764913062,2.5332115417442367
228.0,New Mexico State,WAC,102.34239543882019,104.78850475647369,-2.4461093176534945,0.953975341834834,2.238657443000122
332.0,New Orleans,Southland,95.99953584364515,108.18781414459745,-12.188278300952305,-8.373286119275235,-4.155444499286361
236.0,Niagara,MAAC,102.29619759209629,105.17042349486393,-2.874225902767634,-1.0624553998944037,-1.2776207580422891
266.0,Nicholls State,Southland,96.31865881554393,101.89098250325888,-5.572323687714956,-8.373286119275235,-3.0421081279086906
316.0,NJIT,AEC,97.42273284289267,107.17682697917778,-9.754094136285104,-2.803063270211041,-0.9040909125846355
182.0,Norfolk State,MEAC,106.71430274596064,105.75071587084338,0.963586875117258,-8.330766066707625,-4.790831636436067
295.0,North Alabama,A-Sun,100.17512843079122,108.0365060435387,-7.861377612747475,-2.6259621367135253,-3.023824805353158
51.0,North Carolina,ACC,107.26223922660749,93.94813671619507,13.314102510412425,5.9546519949374925,4.315608933104059
320.0,North Carolina A&T,CAA,96.42655207944392,107.26406075392327,-10.837508674479352,-3.829842385849986,-2.019162733305322
164.0,North Carolina Central,MEAC,99.14853403369715,97.13464809307496,2.0138859406221883,-8.330766066707625,-3.5891152710974694
285.0,North Dakota,Summit,99.96052990963491,106.91936987498069,-6.958839965345774,-3.894282693286911,-1.5550793856404255
223.0,North Dakota State,Summit,101.41872701625279,103.62476905259102,-2.206042036338232,-3.894282693286911,-0.7552451370982425
262.0,North Florida,A-Sun,104.71921615906213,110.08270831796318,-5.363492158901053,-2.6259621367135253,-1.2978497732787844
19.0,North Texas,CUSA,108.90445073155253,92.06344487552559,16.84100585602694,4.737849524503929,1.0436011285932096
307.0,Northeastern,CAA,96.24837139171999,104.90562997920316,-8.65725858748317,-3.829842385849986,-1.6590993971729944
241.0,Northern Arizona,Big Sky,102.6713509009172,105.87754294006187,-3.2061920391446677,-2.7983475121195056,-0.1633371813623512
256.0,Northern Colorado,Big Sky,101.44440704649338,106.43122939796014,-4.986822351466756,-2.7983475121195056,-0.4806332030560867
265.0,Northern Illinois,MAC,97.35438556872967,102.89108076766429,-5.536695198934623,-1.2243833407758302,-1.6089063934499848
176.0,Northern Iowa,MVC,102.03200772223462,100.74337539943944,1.2886323227951806,1.110788440183228,1.0863442254431277
118.0,Northern Kentucky,Horizon,102.50125196832572,96.42406974668346,6.077182221642261,-2.7854009874082806,0.4640893851705101
54.0,Northwestern,Big Ten,105.78748095491635,93.01901487903764,12.768466075878706,10.475228349332355,4.012400625384203
183.0,Northwestern State,Southland,103.46246655776191,102.60321880025062,0.859247757511298,-8.373286119275235,-4.177168389681086
195.0,Notre Dame,ACC,105.09041376188125,105.35112404546325,-0.2607102835820001,5.9546519949374925,1.7156905745826379
270.0,Oakland,Horizon,102.74798449310053,108.514054701234,-5.7660702081334705,-2.7854009874082806,-0.6534349568372448
110.0,Ohio,MAC,109.11996845517542,102.31305662167551,6.80691183349991,-1.2243833407758302,-0.6654720527222224
64.0,Ohio State,Big Ten,111.54524176286671,99.839088997104,11.70615276576271,10.475228349332355,5.090522920208258
100.0,Oklahoma,Big 12,105.69572342763182,97.90308462675218,7.792638800879644,13.754479950866155,5.6009695138570805
69.0,Oklahoma State,Big 12,102.05677479619592,90.60088323199976,11.455891564196165,13.754479950866155,5.330497813242644
144.0,Old Dominion,Sun Belt,102.0092256335907,98.32034918820416,3.6888764453865406,1.8500178911530014,1.6955840704012957
330.0,Omaha,Summit,97.21965201825418,109.37524169020033,-12.155589671946146,-3.894282693286911,-0.2684619431789912
23.0,Oral Roberts,Summit,112.68418401050646,96.29949728493813,16.38468672556833,-3.894282693286911,-1.65575263251948
49.0,Oregon,Pac-12,110.15797379791356,96.69096682756386,13.4670069703497,7.62679565360213,4.699168387824372
279.0,Oregon State,Pac-12,96.21384026430634,102.66955144609105,-6.455711181784707,7.62679565360213,0.9490676141351173
225.0,Pacific,WCC,102.59218071824196,104.85548983778716,-2.263309119545198,6.017251660350993,-0.4014775998034992
62.0,Penn State,Big Ten,112.81836411777155,100.84566305309893,11.97270106467262,10.475228349332355,4.634130250241142
120.0,Pennsylvania,Ivy,108.11683982247072,102.19174610757756,5.9250937148931655,2.750494418136313,0.6997763117841629
220.0,Pepperdine,WCC,101.24420711456138,103.32308080008103,-2.0788736855196532,6.017251660350993,3.1536353362447045
73.0,Pittsburgh,ACC,110.05926577840536,99.28328124466462,10.77598453374074,5.9546519949374925,1.4809737220117967
206.0,Portland,WCC,105.72145167153143,106.66133663307555,-0.9398849615441236,6.017251660350993,1.3891346567857141
268.0,Portland State,Big Sky,98.52688741103188,104.18509976296214,-5.65821235193026,-2.7983475121195056,-1.2999956845106624
284.0,Prairie View,SWAC,93.66248415510782,100.48218306213826,-6.819698907030443,-11.3512510004187,-4.970897478424845
340.0,Presbyterian,Big South,92.98874468336564,106.39695384800137,-13.408209164635736,-2.9920776624268512,-1.9785954463248032
67.0,Princeton,Ivy,107.84129272319868,96.3789591857462,11.46233353745248,2.750494418136313,1.3757537114760794
57.0,Providence,Big East,111.19242740147604,98.93437553574654,12.258051865729499,8.201354709263299,2.165672919412472
9.0,Purdue,Big Ten,114.3769150379292,93.8222547330437,20.554660304885488,10.475228349332355,3.130109100637199
171.0,Purdue-Fort Wayne,Horizon,100.65104663847652,99.13297163450036,1.5180750039761506,-2.7854009874082806,-2.033504405289932
208.0,Queens (NC),A-Sun,104.58228814136582,105.69974286969571,-1.1174547283298892,-2.6259621367135253,-2.425152404242212
133.0,Quinnipiac,MAAC,104.24918809207912,99.79145481720005,4.457733274879075,-1.0624553998944037,-1.5579033935512427
161.0,Radford,Big South,103.2944710708904,100.92615251355836,2.3683185573320316,-2.9920776624268512,-2.0289337442076203
237.0,Rhode Island,A-10,95.68230506295568,98.61978294167102,-2.9374778787153417,3.5015090015391905,1.0320943091244317
212.0,Rice,CUSA,106.20035455258062,107.54633659371153,-1.3459820411309096,4.737849524503929,1.490352141384406
134.0,Richmond,A-10,103.69035079163744,99.23947792761184,4.450872864025598,3.5015090015391905,1.1400068933600522
167.0,Rider,MAAC,105.00244308896788,103.1286681028365,1.8737749861313802,-1.0624553998944037,-2.2230154843225876
202.0,Robert Morris,Horizon,97.42450631080939,98.23809819885885,-0.8135918880494586,-2.7854009874082806,-2.722239365509097
40.0,Rutgers,Big Ten,102.21672950593461,87.87276452287495,14.343964983059664,10.475228349332355,3.6769020962245094
246.0,Sacramento State,Big Sky,100.61089666422264,104.38465330107148,-3.7737566368488444,-2.7983475121195056,-0.8723388739951901
286.0,Sacred Heart,NEC,96.22449075939544,103.32205458327057,-7.097563823875134,-9.532455011385494,-5.672244199711926
313.0,Saint Francis (PA),NEC,101.64286374779324,111.1822924540683,-9.53942870627506,-9.532455011385494,-3.748508298493533
174.0,Saint Joseph's,A-10,102.65166906038266,101.2656180221775,1.386051038205153,3.5015090015391905,0.6341025506114448
79.0,Saint Louis,A-10,110.59768836177972,100.50856365321219,10.089124708567525,3.5015090015391905,3.2389350890960174
6.0,Saint Mary's (CA),WCC,110.44388603945718,87.46325696640292,22.98062907305426,6.017251660350993,4.9702904180096965
290.0,Saint Peter's,MAAC,96.18476558739866,103.55692974630264,-7.372164158903985,-1.0624553998944037,-1.4065096034245244
86.0,Sam Houston State,WAC,102.95122706631282,93.37810912810998,9.573117938202842,0.953975341834834,-0.6584508412224039
117.0,Samford,Southern,107.35440491964731,101.26066712570308,6.0937377939442285,-1.2154282976567004,-2.3418618333742103
255.0,San Diego,WCC,105.93786246169252,110.86808890685765,-4.9302264451651325,6.017251660350993,1.0323728156830327
12.0,San Diego State,MWC,107.59936017394735,89.14888334737469,18.450476826572654,7.212910764913062,4.661825842121559
123.0,San Francisco,WCC,105.94074324816634,100.31532924247158,5.625414005694765,6.017251660350993,1.0416245533540405
124.0,San Jose State,MWC,105.75741281034315,100.23579575752169,5.521617052821469,7.212910764913062,2.204285096911889
93.0,Santa Clara,WCC,106.27884841706424,97.59009607174436,8.688752345319884,6.017251660350993,2.0460183880661305
170.0,Seattle,WAC,98.68625076015418,96.97614775591953,1.7101030042346537,0.953975341834834,-0.5531891238300801
98.0,Seton Hall,Big East,101.5891023731203,93.45475275937895,8.13434961374135,8.201354709263299,2.9915953056262197
180.0,Siena,MAAC,101.35072721903938,100.1950703814548,1.155656837584587,-1.0624553998944037,-2.480336026538069
88.0,South Alabama,Sun Belt,107.35368778629989,97.87208517878916,9.481602607510723,1.8500178911530014,0.7003973544589286
302.0,South Carolina,SEC,98.03900994613021,106.4643257439053,-8.425315797775099,10.053497366814824,2.168197750358374
355.0,South Carolina State,MEAC,94.99150756329368,111.83735461082577,-16.84584704753209,-8.330766066707625,-1.6917990832877905
267.0,South Carolina Upstate,Big South,96.67662129293593,102.32010325293298,-5.643481959997047,-2.9920776624268512,-1.3431742052313211
315.0,South Dakota,Summit,99.20259634759049,108.93897724759736,-9.736380900006878,-3.894282693286911,-1.9327197539543164
172.0,South Dakota State,Summit,100.7837449675944,99.34569782557806,1.4380471420163445,-3.894282693286911,-0.4014061646372369
157.0,South Florida,AAC,103.69546514957688,101.11150120667172,2.5839639429051573,6.675675583104805,0.47981901920843484
214.0,Southeast Missouri State,OVC,100.21265267488506,101.84053078464603,-1.627878109760971,-5.365652674264709,-2.3674934508807866
240.0,Southeastern Louisiana,Southland,101.91172410494474,105.10966290452096,-3.197938799576221,-8.373286119275235,-3.5177209935360167
261.0,Southern,SWAC,96.76638859953282,102.11277801327998,-5.346389413747161,-11.3512510004187,-4.223241113175888
61.0,Southern California,Pac-12,108.6686802051649,96.68231234542563,11.986367859739275,7.62679565360213,2.8909951936041836
114.0,Southern Illinois,MVC,101.59755047182553,95.30825730917589,6.289293162649642,1.110788440183228,-0.023627692329810657
185.0,SIU Edwardsville,OVC,100.67835213288403,100.12977795138129,0.5485741815027438,-5.365652674264709,-2.6167855408375686
243.0,Southern Indiana,OVC,101.70521637416823,105.25927563950899,-3.5540592653407543,-5.365652674264709,-2.939206085461464
218.0,Southern Methodist,AAC,99.44230676318675,101.29725663109336,-1.8549498679066119,6.675675583104805,3.926455493432826
90.0,Southern Mississippi,Sun Belt,105.65358557286778,96.3611297293515,9.29245584351628,1.8500178911530014,0.4411882895632715
125.0,Southern Utah,WAC,106.28679699121653,100.90506140471278,5.381735586503751,0.953975341834834,0.6570755532927564
181.0,St. Bonaventure,A-10,100.16006455343148,99.17777055499613,0.9822939984353525,3.5015090015391905,0.8464521595919052
326.0,St. Francis (NY),NEC,94.67034260467791,106.51039355593994,-11.840050951262029,-9.532455011385494,-6.032970604851897
128.0,St. John's (NY),Big East,102.43370327874422,97.34040077924524,5.093302499498975,8.201354709263299,1.5475315307588176
177.0,St. Thomas,Summit,104.94335614048127,103.69296451174571,1.2503916287355565,-3.894282693286911,-2.662908678736059
115.0,Stanford,Pac-12,109.74976780885198,103.4864096038587,6.263358204993281,7.62679565360213,1.324054237251957
142.0,Stephen F. Austin,WAC,104.20164285544992,100.39539467205387,3.8062481833960504,0.953975341834834,-0.2882434177258091
184.0,Stetson,A-Sun,109.2583202347493,108.614783432135,0.6435368026143067,-2.6259621367135253,-0.7417064754887264
293.0,Stonehill,NEC,97.17249122303603,104.84255125700633,-7.670060033970302,-9.532455011385494,-3.1339427070512613
327.0,Stony Brook,CAA,94.75716313935114,106.6757086908022,-11.91854555145106,-3.829842385849986,-1.384698333886348
138.0,Syracuse,ACC,105.97622431789597,101.78016415062325,4.196060167272719,5.9546519949374925,1.0520738437824093
215.0,Tarleton State,WAC,99.16341052183978,100.86906512442057,-1.7056546025807933,0.953975341834834,0.7960328676685151
39.0,TCU,Big 12,108.37690983988436,93.92147522243805,14.455434617446315,13.754479950866155,3.222905041889092
137.0,Temple,AAC,103.45036234353337,99.12825037063581,4.322111972897559,6.675675583104805,3.5381670898040483
4.0,Tennessee,SEC,109.78936392021136,84.50182211040105,25.287541809810307,10.053497366814824,3.239820813151354
235.0,Tennessee State,OVC,101.29299248983128,104.10793134513722,-2.8149388553059396,-5.365652674264709,-4.452961240190547
249.0,Tennessee Tech,OVC,101.86202882318582,105.90369630636144,-4.041667483175615,-5.365652674264709,-1.6546281977465185
230.0,Tennessee-Martin,OVC,101.2911108209689,103.81365937419696,-2.522548553228063,-5.365652674264709,-3.357217153606115
8.0,Texas,Big 12,112.67466955797846,91.06700522428605,21.607664333692412,13.754479950866155,5.237521267930276
38.0,Texas A&M,SEC,110.48583351182319,96.01527614398974,14.47055736783345,10.053497366814824,2.5775469917477523
300.0,Texas A&M-Commerce,Southland,99.6796173299966,107.91318237562307,-8.233565045626463,-8.373286119275235,-4.565017254333185
145.0,Texas A&M-Corpus Christi,Southland,105.49274800457196,101.81930528876906,3.6734427158029064,-8.373286119275235,-4.383771998014936
296.0,Texas Southern,SWAC,95.33722793687161,103.37995041122136,-8.042722474349745,-11.3512510004187,-2.2506514990073896
209.0,Texas State,Sun Belt,102.98844070080027,104.14567221697256,-1.1572315161722884,1.8500178911530014,-0.12951751727530336
85.0,Texas Tech,Big 12,107.72923520315004,98.155406440634,9.573828762516044,13.754479950866155,2.9249279261156858
277.0,Texas-Rio Grande Valley,WAC,99.53035314044634,105.72958295599841,-6.199229815552073,0.953975341834834,-0.3631908681261251
323.0,The Citadel,Southern,95.4839855771388,106.51242892864342,-11.02844335150462,-1.2154282976567004,-1.035749560789398
56.0,Toledo,MAC,116.21098858480508,103.91910970558568,12.291878879219396,-1.2243833407758302,-0.6064619942767564
104.0,Towson,CAA,107.15925243999294,99.65622179139179,7.503030648601154,-3.829842385849986,-1.7186870386271096
126.0,Troy,Sun Belt,101.34477527175191,95.9811009357012,5.363674336050707,1.8500178911530014,0.5249442553431436
109.0,Tulane,AAC,106.65955086868186,99.82958463240499,6.829966236276874,6.675675583104805,0.6758342920990259
348.0,Tulsa,AAC,96.154910164848,111.08695953397277,-14.932049369124769,6.675675583104805,2.1538966876080536
24.0,UAB,CUSA,110.01987868496911,93.98103385750905,16.038844827460068,4.737849524503929,1.2050225772827758
152.0,UC Davis,Big West,102.81237101742552,100.02278216748029,2.7895888499452326,-1.0038980878944557,-1.4669129299002606
105.0,UC Irvine,Big West,105.14781893049587,97.85768321154492,7.29013571895095,-1.0038980878944557,-1.3077530240792328
151.0,UC Riverside,Big West,104.05307387588591,101.18241406235961,2.870659813526302,-1.0038980878944557,-0.3936324080953284
294.0,UC San Diego,Big West,99.27111258630153,107.08950398166485,-7.818391395363321,-1.0038980878944557,-0.4153942364801395
106.0,UC Santa Barbara,Big West,109.6937685017486,102.6847002782937,7.009068223454889,-1.0038980878944557,-2.392434592067346
3.0,UCLA,Pac-12,112.73817335087743,87.35209711781333,25.386076233064102,7.62679565360213,3.5420467095034383
141.0,UNC Asheville,Big South,102.96939658787477,99.07540570861597,3.8939908792587943,-2.9920776624268512,-1.3572588534085384
95.0,UNC Greensboro,Southern,101.42457715106781,92.94626662300509,8.478310528062721,-1.2154282976567004,-0.07110446121139091
147.0,UNC Wilmington,CAA,101.84631104796959,98.43828626628617,3.408024781683423,-3.829842385849986,-1.074163308208938
297.0,UT Arlington,WAC,96.84675607285786,104.99409359186846,-8.147337519010605,0.953975341834834,0.983977081756322
89.0,Utah,Pac-12,103.21778579457579,93.91981065064707,9.297975143928724,7.62679565360213,1.3687973035630137
31.0,Utah State,MWC,112.4055057700413,97.22035058100161,15.18515518903969,7.212910764913062,3.3984099015377467
193.0,Utah Tech,WAC,104.74089703280639,104.95687054976736,-0.21597351696097178,0.953975341834834,0.0014354790652504335
78.0,Utah Valley,WAC,105.26724778740521,94.97624751186734,10.291000275537868,0.953975341834834,-0.6098402920891317
194.0,UTEP,CUSA,96.65007508234577,96.88477167324002,-0.23469659089425932,4.737849524503929,1.4215825651728409
304.0,UTSA,CUSA,99.43507956391782,107.93347797826158,-8.498398414343754,4.737849524503929,2.13176062539668
287.0,Valparaiso,MVC,96.96803560686924,104.07333578167827,-7.105300174809031,1.110788440183228,-0.5929655626478194
94.0,Vanderbilt,SEC,110.61570626873066,102.12744574717784,8.488260521552817,10.053497366814824,5.598343196599032
76.0,Vermont,AEC,109.50184762905931,99.00139279740326,10.500454831656057,-2.803063270211041,0.7706708220581788
101.0,Villanova,Big East,108.35670623776014,100.68858251715731,7.668123720602821,8.201354709263299,2.1685373830350443
25.0,Virginia,ACC,107.66306592349481,92.02371452374938,15.639351399745436,5.9546519949374925,2.4746384856423873
27.0,Virginia Commonwealth,A-10,105.73602607346108,90.27306383002019,15.462962243440884,3.5015090015391905,2.1142660650219938
352.0,VMI,Southern,96.16696523006253,112.40522342877705,-16.23825819871452,-1.2154282976567004,0.8275666149472585
77.0,Virginia Tech,ACC,110.74507703978787,100.24951469720025,10.495562342587618,5.9546519949374925,2.53545741189906
281.0,Wagner,NEC,94.39066760666408,100.86397074692276,-6.473303140258679,-9.532455011385494,-5.813371001572406
108.0,Wake Forest,ACC,107.81520545893716,100.86763668011262,6.947568778824532,5.9546519949374925,1.6424095351154193
150.0,Washington,Pac-12,100.89230318237753,97.90013733870737,2.992165843670165,7.62679565360213,2.8567203434159865
103.0,Washington State,Pac-12,107.54065155676716,100.00604484926552,7.534606707501638,7.62679565360213,3.6218235736684363
222.0,Weber State,Big Sky,96.53126769500781,98.73606232345443,-2.2047946284466207,-2.7983475121195056,-1.3677875012410965
35.0,West Virginia,Big 12,112.4768083244927,97.6120462749053,14.864762049587398,13.754479950866155,5.940592600462395
238.0,Western Carolina,Southern,99.72006812054607,102.6631111093805,-2.9430429888344207,-1.2154282976567004,-1.2614704441285909
252.0,Western Illinois,Summit,101.86438684039433,106.61827486250748,-4.753888022113145,-3.894282693286911,-2.7659591695695127
201.0,Western Kentucky,CUSA,101.03561387270989,101.78583992304748,-0.7502260503375879,4.737849524503929,0.8344778569291691
335.0,Western Michigan,MAC,99.08935072491427,111.67708920727057,-12.5877384823563,-1.2243833407758302,-1.576106764149685
116.0,Wichita State,AAC,104.3851685071304,98.13701232198693,6.248156185143472,6.675675583104805,0.9722630855355732
314.0,William & Mary,CAA,99.41018137890723,109.08664032097724,-9.676458942070013,-3.829842385849986,-1.0739085188184703
248.0,Winthrop,Big South,105.96427063966156,109.96822215130274,-4.003951511641176,-2.9920776624268512,-1.3923791874768057
96.0,Wisconsin,Big Ten,102.82579338922663,94.37657103702959,8.44922235219704,10.475228349332355,4.131058704461594
221.0,Wofford,Southern,105.51226362573095,107.6473153832978,-2.135051757566842,-1.2154282976567004,-1.0932638651252944
160.0,Wright State,Horizon,102.93545351834639,100.52404365366868,2.411409864677708,-2.7854009874082806,-4.050584710648863
198.0,Wyoming,MWC,103.40696207115477,103.91937115024304,-0.5124090790882718,7.212910764913062,4.156587456672469
29.0,Xavier,Big East,112.47036181575774,97.12231854784909,15.34804326790865,8.201354709263299,4.04315736311132
43.0,Yale,Ivy,108.24887985492549,94.00497035275188,14.243909502173608,2.750494418136313,-0.5678346443379922
87.0,Youngstown State,Horizon,112.8609412687612,103.32481243774208,9.536128831019113,-2.7854009874082806,-3.2121459904760457
